[{
    "price":12.99,
	"name":"blink-182 greatest hits",
	"available":98,
    "threshold":50,
    "points":1,
    "bulk":true,
    "weight":1.0,
	"id":"1"},

	{
    "price":14.99,
	"name":"let it be",
	"available":100,
    "threshold":50,
    "points":1,
    "bulk":false,
    "weight":0,
	"id":"2"},

	{
    "price":9.99,
	"name":"bohemian rhapsodey",
	"available":100,
    "threshold":50,
    "points":1,
    "bulk":false,
    "weight":0,
	"id":"3"},

	{
    "price":19.99,
	"name":"greenday",
	"available":100,
    "threshold":50,
    "points":1,
    "bulk":false,
    "weight":0,
	"id":"4"},

	{
    "price":19.99,
	"name":"acdc t-shirt",
	"available":100,
    "threshold":50,
    "points":1,
    "bulk":true,
    "weight":1.0,
	"id":"5"},

	{
    "price":6.99,
	"name":"linkin park shirt",
	"available":100,
    "threshold":50,
    "points":1,
    "bulk":true,
    "weight":1.0,
	"id":"6"},

	{
    "price":7.99,
	"name":"nirvana shirt",
	"available":100,
    "threshold":50,
    "points":1,
    "bulk":true,
    "weight":1.0,
	"id":"7"},

	{
    "price":12.99,
	"name":"red hot chilli peppers shirt",
	"available":100,
    "threshold":50,
    "points":1,
    "bulk":false,
    "weight":0,
	"id":"8"},

	{
    "price":8.99,
	"name":"beatles shirt",
	"available":100,
    "threshold":50,
    "points":1,
    "bulk":true,
    "weight":1.0,
	"id":"9"}]
