[{"creditCard-2":"2222222222222222",
	"pin-2":"2222",
	"pin-1":"1111",
	"creditCard-1":"1111111111111111",
	"name":"Cantrell Picou Jr",
	"accountBalance-1":34.55000000000001,
	"accountnumber-1":"111111111",
	"accountnumber-2":"222222222",
	"accountBalance-2":100.0},

	{"creditCard-2":"4444444444444444",
	"pin-2":"4444",
	"pin-1":"3333",
	"creditCard-1":"3333333333333333",
	"name":"Kole Soto",
	"accountBalance-1":18.489999999999995,
	"accountnumber-1":"333333333",
	"accountnumber-2":"444444444",
	"accountBalance-2":2.190000000000005},

	{"creditCard-2":"0000",
	"pin-2":"0000",
	"pin-1":"5555",
	"creditCard-1":"555555555555",
	"name":"Ryan Perez",
	"accountBalance-1":67.4,
	"accountnumber-1":"555555",
	"accountnumber-2":"null",
	"accountBalance-2":0.0},

	{"creditCard-2":"0000",
	"pin-2":"0000",
	"pin-1":"6666",
	"creditCard-1":"666666666666",
	"name":"Nicolas Infante",
	"accountBalance-1":89.01,
	"accountnumber-1":"666666",
	"accountnumber-2":"null",
	"accountBalance-2":0.0}]