[{
	"price":12.99,
	"name":"blink-182 greatest hits",
	"available":97,
	"weight":1.0,
	"threshold":50,
	"id":"1",
	"bulk":true,
	"points":1},

	{
	"price":14.99,
	"name":"let it be",
	"available":32,
	"weight":0,
	"threshold":50,
	"id":"2",
	"bulk":false,
	"points":1},

	{
	"price":9.99,
	"name":"bohemian rhapsodey",
	"available":72,
	"weight":0,
	"threshold":50,
	"id":"3",
	"bulk":false,
	"points":1},

	{
	"price":19.99,
	"name":"greenday",
	"available":94,
	"weight":0,
	"threshold":50,
	"id":"4",
	"bulk":false,
	"points":1},

	{
	"price":19.99,
	"name":"acdc t-shirt",
	"available":97,
	"weight":1.0,
	"threshold":50,
	"id":"5",
	"bulk":true,
	"points":1},

	{
	"price":6.99,
	"name":"linkin park shirt",
	"available":100,
	"weight":1.0,
	"threshold":50,
	"id":"6",
	"bulk":true,
	"points":1},

	{
	"price":7.99,
	"name":"nirvana shirt",
	"available":100,
	"weight":1.0,
	"threshold":50,
	"id":"7",
	"bulk":true,
	"points":1},

	{
	"price":12.99,
	"name":"red hot chilli peppers shirt",
	"available":99,
	"weight":0,
	"threshold":50,
	"id":"8",
	"bulk":false,
	"points":1},

	{
	"price":8.99,
	"name":"beatles shirt",
	"available":100,
	"weight":1.0,
	"threshold":50,
	"id":"9",
	"bulk":true,
	"points":1}]